names,phone_numbers
michelle,+77083213272
jennifer,+77077235021
brandi,+77774433553
james,+77080013615
denise,+77050015676
brenda,+77086592502
larry,+77773082897
betty,+77054039994
leah,+77777643422
john,+77752897555
john,+77081718277
ryan,+77079037509
brenda,+77083196985
michael,+77778815533
jeremiah,+77755992119
jessica,+77712106951
stephanie,+77051285560
belinda,+77082429943
curtis,+77756772024
nina,+77088516283
jared,+77053874315
tanya,+77776066371
jonathan,+77073095686
tammy,+77081531481
cheryl,+77078794285
benjamin,+77053342678
danielle,+77050015943
catherine,+77053455254
frank,+77085935211
kevin,+77085469294
karen,+77773514663
kimberly,+77774216878
nicole,+77075853446
jordan,+77715564505
brittany,+77052499602
emily,+77073936580
kimberly,+77077543101
denise,+77752014487
andre,+77089049078
shelly,+77051237364
tina,+77759146096
vincent,+77051348456
rebecca,+77756055117
corey,+77056897851
kimberly,+77713514845
laura,+77071684647
chelsea,+77776179212
daniel,+77715372270
anthony,+77712539335
joshua,+77758819512
charles,+77759852801
ashley,+77756005332
david,+77771461293
jacqueline,+77071824651
hunter,+77756969182
anthony,+77055698659
kimberly,+77057266754
mike,+77772448377
ryan,+77756062973
robert,+77715539963
kenneth,+77712383751
craig,+77717888185
beth,+77078214282
bryan,+77071281361
patrick,+77052497215
elizabeth,+77777515850
michael,+77077824381
jerome,+77755984995
alexis,+77088368371
steven,+77056158190
patrick,+77056283434
bonnie,+77777409348
elizabeth,+77772595588
jay,+77714462877
adrian,+77753697753
nicole,+77755939212
jonathan,+77054403597
cassie,+77752879857
diane,+77750013935
chase,+77070015626
andrew,+77759319304
austin,+77711661460
christopher,+77771691780
kristen,+77085922951
donna,+77770012326
margaret,+77759687522
adam,+77771311239
carlos,+77758582084
paul,+77754208464
brenda,+77777248896
amy,+77779647530
john,+77771811226
kim,+77083189115
robert,+77081354243
jay,+77071362833
stephanie,+77777753777
diane,+77089676727
betty,+77718713744
tracey,+77057127020
james,+77071458773
